{"cameraMode":{"drawMode":0,"name":"Shaded","section":"Shading Mode"},"sceneLighting":false,"audioPlay":false,"sceneViewState":{"m_AlwaysRefresh":false,"showFog":true,"showSkybox":false,"showFlares":true,"showImageEffects":true,"showParticleSystems":true,"showVisualEffectGraphs":true,"m_FxEnabled":true},"in2DMode":false,"pivot":{"x":8.539999961853028,"y":1.6169999837875367,"z":-10.557000160217286},"rotation":{"x":0.06390839070081711,"y":-0.6777557134628296,"z":0.059327807277441028,"w":0.7301424741744995},"size":0.866025447845459,"orthographic":false}