{"cameraMode":{"drawMode":0,"name":"Shaded","section":"Shading Mode"},"sceneLighting":false,"audioPlay":false,"sceneViewState":{"m_AlwaysRefresh":false,"showFog":true,"showSkybox":false,"showFlares":true,"showImageEffects":true,"showParticleSystems":true,"showVisualEffectGraphs":true,"m_FxEnabled":true},"in2DMode":false,"pivot":{"x":-13.800000190734864,"y":1.1200000047683716,"z":3.859999656677246},"rotation":{"x":-0.20960193872451783,"y":0.38917458057403567,"z":-0.09228337556123734,"w":-0.8925658464431763},"size":0.8660253286361694,"orthographic":true}